Square Footage/Area,Number of Bedrooms,Number of Bathrooms,Year Built,Number of Floors,Distance to City Center,Age of House,House Price
1360,2,1,1931,1,21.598000416017115,94,18589.26107231995
4272,3,3,1966,3,8.81661176568951,59,216574.89490174034
3592,1,2,1966,2,11.232384413657538,59,156828.8492546178
966,1,2,1927,1,6.126416633931393,98,22953.97886341565
4926,2,1,1943,2,10.738339870732151,82,208444.8705618442
3944,5,3,1978,1,16.643506852408972,47,160623.90877527435
3671,1,2,1940,1,29.75729998888786,85,136729.1154625312
3419,1,1,1962,1,20.093950535617676,63,101992.62559805224
630,3,3,1922,1,6.377755655045265,103,46634.97182952968
2185,4,2,2003,2,1.8263625269507584,22,153857.5830492764
1269,2,2,1974,2,4.227516198778063,51,119031.0251022653
2891,2,3,1947,1,17.095378437554896,78,139198.6739064055
2933,5,3,1931,1,23.072229700094606,94,196072.53035623708
1684,5,3,2021,2,28.242366615372035,4,136502.8358008331
3885,2,3,1956,3,0.966783573906214,69,241715.4291864258
4617,5,1,2017,3,15.921424176075158,8,237099.88659664654
3404,3,3,1999,2,14.390587008583715,26,252325.8731700811
974,2,2,1932,1,19.85362314828327,93,-11489.674384172695
1582,5,2,1923,1,17.007576206727588,102,58491.3930500062
3058,2,1,1938,3,20.767654942183178,87,103498.45485881672
2547,4,2,1933,3,19.913436250101114,92,101529.30571684019
3247,1,2,1955,2,3.9518458833094128,70,167767.51263857828
1475,2,3,1927,3,24.091678451752227,98,143785.3427813722
2306,1,2,1936,2,4.135360983631583,89,66002.81434272064
689,5,1,1906,3,21.106653443669543,119,-34095.17086908913
3234,1,3,1967,3,12.776288345397898,58,248587.35587151878
3505,2,3,1936,3,15.658596670009638,89,160033.9907652175
2399,4,1,1955,1,27.147291424083463,70,45977.061524004865
1767,5,3,1964,1,26.751569930967854,61,134338.4830457681
2028,2,3,1964,1,24.626761016823373,61,1009.9360854423285
3702,5,1,1946,3,15.549377223461537,79,235024.58979228567
4056,3,3,1919,2,22.219074398948077,106,180423.59826923296
4390,1,1,1918,2,15.630463137804876,107,187348.71712818422
1146,3,1,1928,2,26.153379433005934,97,17641.40946358848
3388,2,2,1973,2,12.381887080370547,52,144855.20943475649
2935,4,2,1959,1,29.121942660238865,66,158943.36102677873
1100,5,3,1917,1,28.003521367751887,108,-5517.449677159115
2863,1,3,1991,3,22.377277273827673,34,164460.61912845404
2561,5,1,1934,3,8.742768583194124,91,213207.91852687445
741,2,3,1942,2,4.383780869401122,83,136343.7423841201
2541,5,1,2010,1,25.713751777749327,15,104052.4278697174
3324,1,1,1994,2,5.376417441069858,31,202727.51138884097
3112,2,3,1990,3,25.700693275421404,35,138023.4806635548
1863,5,1,1910,3,14.977567698014633,115,210907.10826939478
1978,4,2,1948,2,12.493425122339074,77,151926.0249266737
3056,2,3,2012,3,27.14412797561566,13,164070.53786499982
1275,2,2,1937,2,18.313603984938197,88,50437.29671807254
4514,4,3,1963,1,17.510113210326676,62,257524.93114132332
534,3,1,1968,2,16.98359536641973,57,34086.39093991491
3652,1,3,1907,1,11.449500722576177,118,142251.58694994362
2455,3,2,1933,1,23.676471554109256,92,56004.22037591349
2085,5,1,1947,3,7.9575540984653035,78,128784.66961827943
4443,4,3,2015,3,28.197401321217615,10,190573.21078398678
3573,3,3,1955,3,26.872563548885342,70,203946.02970206697
1521,2,3,1975,2,10.455669607409495,50,64597.73904532288
3961,5,2,2001,2,22.01918121003408,24,166994.95242066192
3113,5,2,1964,3,17.41008423626295,61,182202.0239630037
4343,3,3,1930,2,10.46065440897742,95,226761.90528857338
2000,3,1,1903,3,29.66138861586568,122,37497.55794185239
661,4,1,2012,2,1.2445017025237939,13,69406.22642260813
4797,1,2,2008,1,7.953057903327957,17,237863.69837846744
2481,3,1,1949,1,15.842184802778936,76,128129.42084608771
1495,3,2,1968,3,15.897613602617634,57,120118.01921690679
3842,2,3,1929,2,17.873525710894143,96,204955.67517615148
4298,5,2,2019,2,22.674447074676117,6,245575.03939354577
1775,1,2,1987,1,18.892596000319244,38,71518.343165656
1516,2,3,1958,1,18.208303085577093,67,74197.0351287939
837,4,1,1966,3,2.0786766559347774,59,58311.88304174685
1378,4,2,1974,1,11.6076434897843,51,162279.39953795215
1576,3,2,1944,3,7.3456443211841025,81,172842.46866083267
4493,3,3,1903,1,8.328418292258275,122,263377.02467327355
879,4,1,1925,1,16.852955493040174,100,-12901.94579920041
992,3,2,1926,2,6.385406790423449,99,87900.98552623717
2562,1,3,1945,1,9.171498479998476,80,174504.00144849316
4384,3,2,2017,1,7.4939989012615325,8,201558.1582101583
564,5,3,2006,3,28.480836824936745,19,142983.07761011465
3068,3,1,1963,1,28.367639099047306,62,5327.702145068324
2527,2,1,1990,3,18.493275978583526,35,153600.4630497032
3195,1,1,2005,1,27.77341282759105,20,174093.8768298503
1995,2,1,1950,1,23.68147304131701,75,30552.40767469743
891,2,2,1949,3,17.903462542653358,76,25316.392380886256
4974,5,2,1905,2,0.6898387391554734,120,320013.52341487975
4061,1,1,1958,3,23.28923043934242,67,247276.40327866632
2778,1,1,1914,3,21.22340607685983,111,60676.39987235221
3599,1,1,2016,3,18.649982771831212,9,135452.29209120912
700,1,2,1929,2,22.932517194632915,96,-42986.32436429836
3604,1,1,1941,1,15.631203860855589,84,48680.68880312222
2954,5,1,2000,3,21.270456503979503,25,211276.52542381926
4145,3,1,2021,3,28.087576558431554,4,170283.11768901238
1304,2,3,1936,2,11.586247967459546,89,60524.2983943436
3231,1,1,1941,3,21.38959412956845,84,155862.27418224496
3273,3,3,2000,1,14.532790631323282,25,173706.1118855377
2070,3,3,1934,2,20.394789728512457,91,129770.1505838825
3190,2,1,1986,1,23.005353398853742,39,64079.51461262443
4340,5,3,1905,1,1.8408487628559809,120,304413.4251276319
1528,4,1,1967,2,19.574713096485524,58,80771.11177381696
1002,4,2,1917,3,7.188864940004865,108,70104.453639002
4993,3,2,1972,1,20.26595986532322,53,238896.79480122012
1370,2,2,2012,1,14.315740485047497,13,14714.713812220689
4988,4,2,1928,1,23.319805885014173,97,216340.61954230597
706,3,3,1976,1,4.140324048565095,49,76295.53858647452
1984,5,1,1958,2,18.976509373857755,67,30798.841356548553
1363,4,1,1946,2,8.714886503362793,79,43951.56914458442
3290,3,1,2015,1,25.66296886225245,10,131048.83051561676
1063,3,2,1916,3,27.88731341627107,109,-25376.549496205276
4691,1,2,2008,1,29.893749663532134,17,65763.05575688276
2257,5,1,1995,3,23.98221837160486,30,174722.72186562873
2178,1,2,2011,1,22.735155077626136,14,76590.04101263834
3742,2,1,1921,3,6.857272386592756,104,65830.67237839448
1559,1,1,1967,1,10.412208240208209,58,159461.52226334513
2222,1,1,1968,3,14.237634981987245,57,156956.71161969771
3814,4,1,1936,1,23.314740909576365,89,123806.67471785416
3657,3,1,2004,1,27.491493019800075,21,102750.64637226475
3125,5,1,1948,3,6.0796034506780465,77,214670.75018599196
3229,1,1,1912,2,27.709840797768035,113,76936.81835090296
2097,5,2,1933,3,21.02092724444471,92,132891.71450668454
3560,1,1,2008,2,18.51773655520864,17,116965.77667162169
3193,2,1,1985,1,6.395317502817216,40,220352.64854013
4127,1,2,1952,3,2.1379884678699415,73,209762.92843761272
1863,4,2,1986,3,17.269714505984226,39,155879.1439148257
2481,3,2,1950,3,19.719712658202326,75,77543.89900254182
2163,2,1,1902,2,6.718052755963303,123,213903.04101978443
2029,1,3,1941,2,16.915458071850964,84,118479.79323271003
2538,5,3,1997,1,25.76655538149592,28,284811.9476841946
3802,2,2,1931,2,25.13444539092309,94,179076.76264353306
2737,2,3,2008,2,27.85697782729577,17,101705.84867467849
1806,1,2,1950,1,11.293631381927973,75,110388.14553367588
4529,2,1,2021,3,9.882462390252101,4,304831.50373890455
3175,5,3,2012,3,22.608067176433856,13,228092.00569558653
1782,2,1,1984,1,13.217815950361647,41,105466.17575051787
1209,5,3,1945,3,3.082685588819528,80,174288.2997039252
4913,1,1,2007,2,8.842633354779743,18,205438.0493973737
4248,3,3,1920,1,12.84817742317893,105,153112.5474939656
1163,2,1,1943,1,9.129234551549434,82,-4948.553585369977
2498,3,1,1910,1,10.300064342945987,115,97876.92668968755
3945,5,3,2002,3,9.166389232144528,23,272092.27372989536
4243,2,1,1967,1,1.7242254319008437,58,174198.79540815006
1995,4,1,2014,1,19.294293674321054,11,140132.82950301917
3804,3,1,1900,1,18.120126400427345,125,142491.86180554196
4263,2,3,1991,3,19.774813205121077,34,240272.00995317948
2353,3,3,1962,2,6.17314193299201,63,149731.10894232718
1791,2,1,1923,1,9.221808977568315,102,36973.1679490164
4081,1,1,1998,2,18.778669844875207,27,137147.43237492556
3957,3,3,1912,3,18.18901326956768,113,238469.97481816384
2136,4,3,2010,3,15.4367441259509,15,132815.12353948798
4196,4,1,1997,3,10.837190875300823,28,258757.95070873835
3499,5,1,1910,3,27.431464640853353,115,213256.1258910416
3652,2,1,1999,2,10.523222147815892,26,176417.4463220848
1198,3,2,1950,1,13.940765114898921,75,98612.81169126296
2660,5,3,1916,3,20.504358013149158,109,170422.37676233618
4597,3,2,1998,3,16.51913221056954,27,272365.98153134406
1354,2,3,1981,2,10.733136302749374,44,120018.01318698951
3974,4,3,2003,2,13.35152131846704,22,247900.10758105235
2207,1,3,1985,3,23.93718412667843,40,105277.24605963673
3277,4,3,2020,1,8.704810086855067,5,202829.87232814857
2233,5,3,1923,1,4.696529573416055,102,153633.26733645628
4010,1,3,2021,3,9.738314453978424,4,225023.75684888987
702,5,3,1918,2,25.56125935689309,107,70198.9765831506
3755,2,2,1936,3,3.1251965882622263,89,128899.53880129111
4718,1,1,2002,3,29.755034164487327,23,214187.56206281215
4996,5,1,1984,2,16.459585518366044,41,281750.5785160159
1266,2,2,1907,3,29.552949447029274,118,7941.9498677138545
4889,4,2,1927,3,28.200394451536337,98,262073.7640886653
2827,2,2,1904,3,13.858004569222045,121,104969.8067901865
3431,3,2,1916,2,6.355486700857798,109,190755.2321260291
697,2,3,2000,1,5.364100908671584,25,-4569.397135337393
2430,2,1,1935,1,7.579686234163747,90,77995.0971907476
4082,3,3,2017,2,21.44891289665385,8,273540.0828687997
1108,5,1,1918,1,8.552024844578892,107,-15714.161310560761
3772,5,1,1963,3,10.5720454533268,62,228871.03199255685
1647,2,2,1990,1,13.738974717841137,35,49757.22225228674
4782,3,3,2016,3,27.440364072432963,9,251729.55919411435
3897,3,2,1997,1,6.08710582760296,28,201704.80807911127
3011,4,3,1910,2,0.6482833019891918,115,133745.3698793609
2294,5,1,1953,1,2.272844106156019,72,166181.633429522
1159,1,2,1944,1,27.190607079563478,81,-16601.65933992774
3311,5,2,1946,1,19.60173571287921,79,187876.24884572232
1869,5,1,1911,2,8.554698270170299,114,135507.80058943215
2486,4,1,2017,1,5.727178779830138,8,229381.40051496035
646,1,1,1920,2,9.180868730794874,105,3931.7310797486207
3719,4,2,2017,3,3.886509353912763,8,333721.5231684221
3411,1,3,1910,1,28.275220853391012,115,44435.612070279254
2234,2,2,2002,2,23.634082143775373,23,144745.74503008043
2343,1,3,1991,2,14.140539718919952,34,155697.9016596328
988,4,2,1904,1,26.016396850898456,121,2505.4420730439906
3476,5,2,1980,3,7.859017026650353,45,259959.5606282048
2459,1,1,1955,2,21.655056769929708,70,19947.885773437767
2885,1,3,1919,1,25.75590872090543,106,19144.93334103257
3419,3,2,1940,3,11.024676992886542,85,270867.3783251903
2302,5,2,1945,2,22.84520114079617,80,98128.28766774798
4561,2,1,2021,2,9.204634303297127,4,244286.42599977358
3869,4,1,1911,3,9.316285490141409,114,138385.6698175112
762,2,3,1969,3,3.658186767348489,56,20036.5244231127
1123,5,2,1916,1,13.481712372027262,109,46788.91894330411
1516,1,3,2014,1,22.026501241673955,11,52141.10019954175
4143,1,2,1918,2,28.236513764352907,107,129027.17654406383
2549,5,3,1925,3,18.312011261908335,100,151871.66323338373
4223,1,1,1947,3,25.9624983632043,78,273735.5589734218
3608,1,2,2007,3,24.763592154061698,18,150180.2245008672
4590,1,3,2007,2,5.613620062770785,18,357656.14520886
2556,4,1,1951,3,14.831614152922628,74,213406.36829347938
3670,4,1,1995,3,3.9492442979990487,30,279333.4813696021
2182,3,3,1969,2,20.62351826606823,56,102473.12857433973
2755,2,2,1954,1,28.522040213259242,71,8610.26255358581
1654,5,2,2021,1,4.544139013323317,4,180964.7768267254
4999,5,1,1999,2,22.149552358674967,26,306441.9469090223
3691,5,2,2001,3,19.1510254506019,24,312481.2968623435
2196,3,2,1974,2,17.716348591738942,51,63653.056512444076
4491,4,2,1932,1,12.008546923306007,93,209848.0397708186
2148,3,1,1961,1,10.976383608737471,64,50277.61965264525
1945,5,3,1987,2,1.8348510760571919,38,156071.5471499823
4699,2,2,1922,2,6.928306893434398,103,265884.4560314782
4423,1,1,1914,1,0.9477180274613934,111,163841.60744932902
753,4,1,1926,2,17.651804614669604,99,-31018.972709859285
3683,4,3,1974,1,3.622670458398311,51,282631.7818109188
3057,3,2,1963,2,26.254072123876625,62,145624.72313054747
598,4,2,2020,2,15.932719110566374,5,87102.4025650596
2700,5,3,2014,2,21.1408523172319,11,148433.075138351
3461,5,3,2013,1,12.620284209294645,12,298840.31128285115
4933,3,1,1980,2,17.037104365530936,45,238763.19676939675
4277,5,1,1950,1,28.3084457205156,75,285434.16977619164
3369,2,3,1952,1,2.9406541688982877,73,206186.34596680736
3734,3,2,1977,2,7.991164271749037,48,102059.11509239489
4291,2,1,1990,2,23.50965564386106,35,62627.25632957337
1456,1,1,1981,1,3.4127476030386426,44,106759.2542831575
4567,2,2,1991,1,2.7320025651712703,34,328178.6999210265
660,1,1,1950,3,11.165471263244138,75,-22187.820285924885
4993,1,2,1946,1,3.218954774936753,79,355542.0743140473
1800,2,2,2010,3,17.75981404508299,15,192370.50471445618
4487,3,2,1903,3,7.175119899089695,122,242351.97847478834
2027,5,3,1906,3,26.923089914381485,119,113053.42737466212
1718,5,3,2008,2,23.613252384935073,17,166286.7537146206
4996,1,3,1934,2,21.141303579934547,91,310375.8341262221
3604,1,2,1947,1,18.699848807842805,78,169207.25191375066
3235,3,2,1972,3,25.97223904507317,53,156729.86547833795
1454,4,3,1971,2,7.080330815511328,54,163074.06743279845
3946,2,1,2015,2,26.256710861544715,10,195397.88148782714
1545,1,2,1944,2,23.790022803509544,81,71600.44095322106
2193,5,1,1980,2,22.570744378436725,45,25936.602210712997
3936,3,1,1980,2,17.05704250321026,45,203921.54498774197
1062,2,2,2012,3,7.7642027486327025,13,126329.4171330887
2985,3,2,1996,3,12.994663521760941,29,182123.65108210858
3854,2,1,1995,3,23.910334308894647,30,210177.319284194
725,2,1,1971,3,1.437465288541071,54,165995.98516282885
1459,1,3,1918,1,23.57049769328087,107,20649.36347537941
3567,3,3,1962,3,7.582086844383212,63,263689.79350223485
1315,3,2,1937,2,4.757121421287289,88,167791.8737587158
3620,5,3,1966,3,3.9131888863189137,59,272838.658638136
516,5,3,1958,1,1.3038753525490459,67,48965.21382441241
1743,1,3,1968,2,15.945801314032861,57,116601.53851229763
2705,1,3,1912,3,6.93866624446502,113,32850.69442670114
3024,4,1,1946,3,29.68823709049913,79,-7283.063169631394
1569,5,2,2009,3,17.44588429823007,16,144762.94946112268
3944,2,3,1960,2,4.567615446002307,65,118748.63450789975
3065,3,1,1930,2,20.81849495393528,95,42536.12801678463
1560,1,1,2018,1,26.9834352120369,7,9544.766188373174
2827,3,1,1979,2,22.482795113403625,46,79830.79717249479
3920,3,3,2013,2,2.7549759006637062,12,269344.747120653
801,4,3,1995,3,26.92858334518346,30,114907.75700287448
4776,5,2,1921,2,23.92091688286896,104,226961.28991958968
1106,1,3,1992,3,5.169965053115623,33,66324.08475168017
3670,3,3,1985,3,2.0276837176180975,40,330139.0024863595
1199,1,1,1942,2,16.9406619717721,83,-58814.84774252585
1639,2,2,1966,1,5.103056434529319,59,108235.00613501701
690,4,3,1953,1,25.120433101560526,72,-58865.598055266804
2800,2,3,1909,2,11.070872371814376,116,146403.27817108383
1480,1,1,1941,1,27.430327119728975,84,-31222.35155381681
3475,1,1,1963,3,17.18780107815967,62,200298.49234183936
1684,5,3,1920,3,5.88883533507021,105,175067.96755450085
3827,3,2,1979,2,4.618166587114103,46,205138.53363907454
3894,3,2,1975,1,17.50593690795374,50,148235.20723532673
627,2,1,1965,1,22.975566549942094,60,-38331.536301431755
2565,4,1,1940,3,23.554416608394373,85,193865.32317653386
2316,3,3,1923,2,8.634843431017797,102,214848.89376235064
1069,5,1,1934,1,6.525279387908941,91,14960.752567840645
2395,2,3,1955,2,0.9943109825252812,70,206778.33395249158
3233,2,2,1929,1,20.536374960434497,96,25469.30367383323
4363,5,2,1956,3,2.7587636237893998,69,263006.58607576357
4514,4,3,1993,3,12.912455452094811,32,239584.41600059264
3401,5,1,1946,2,18.249623838539733,79,214265.10136300288
2186,4,2,1934,3,28.14471387513047,91,14829.982385187992
3509,5,1,1918,1,9.698163040195174,107,189323.02265053807
654,5,2,2013,3,7.868278792172334,12,113130.66970178117
3037,1,3,1907,2,19.797724551439902,118,99684.38485920479
1909,2,3,1925,2,18.767551445580658,100,157726.4932004779
4557,5,3,2012,2,10.297238607589675,13,393443.14379394654
1284,5,2,2003,1,27.8790041475387,22,52343.34663473533
3675,3,1,1970,1,25.423438660944164,55,117683.8689871678
4841,2,1,1929,1,7.107485103019894,96,142383.878750782
3306,3,1,1906,1,7.554705090318434,119,137922.9353670842
1037,2,2,1966,1,15.612860233168877,59,133176.58208779292
2341,3,2,1964,3,23.32037700105625,61,100152.1020204351
2955,5,2,1935,1,1.7991911919596995,90,223790.39058130988
1024,5,2,1924,1,20.953387035173847,101,-42035.027301484755
3450,1,2,1936,3,19.622958972771862,89,117392.37659500432
4631,3,1,1900,1,7.328662829433153,125,225187.2768018331
4615,4,2,1914,2,20.59991389061979,111,208743.37823054325
2868,1,2,1936,1,28.23540414193644,89,105427.15429471878
4347,3,1,1912,1,1.8801824266671714,113,180075.8584920653
4995,3,2,2003,2,9.929735631115845,22,201461.3656654692
3201,1,1,1907,2,13.426213141657481,118,161875.87209114106
1471,5,1,1904,2,27.028180588278342,121,-29842.00622838045
1666,3,3,1959,2,28.886712674970124,66,83970.06335018884
3274,5,3,1972,1,13.601399771641802,53,223938.64400949536
2482,1,3,1900,2,22.62583815819464,125,-14465.174226183517
1353,5,3,1935,2,16.18400020105225,90,141554.27025884454
4646,2,2,1934,3,16.364596574870607,91,189377.85054893972
4236,4,3,1965,2,8.703935694457515,60,263440.92401597556
4269,3,1,1962,2,6.900209252984446,63,208340.24404276884
1074,4,2,2003,3,8.996157704759213,22,196841.1019973678
3761,5,3,1922,3,16.91167621408384,103,277989.4817669516
1648,3,1,1908,1,1.3600779876516254,117,-15796.96315149097
2215,5,2,1933,3,27.263843858513972,92,205899.8245198675
4354,2,2,1945,1,5.110369431718398,80,188453.555079085
2991,1,3,1977,3,6.992615967705904,48,294693.9859459742
3160,3,2,1903,3,15.789147205205568,122,126822.07977738407
3624,2,1,1929,1,21.44838560694974,96,96809.00787455402
3551,2,2,1994,3,3.3240071149597203,31,219711.5920012297
504,3,1,2001,1,9.871993577641284,24,18544.53701810164
1376,5,2,1974,3,29.075900864443536,51,192292.12429783048
1491,2,3,1998,2,8.239117520037897,27,117514.48747385459
4642,4,1,1971,3,9.734979279362832,54,245780.24053497703
4864,2,2,1902,1,25.176705473231987,123,170020.42145495125
4965,5,2,1913,3,1.9813257348684299,112,247939.26294915943
1135,5,2,1959,1,14.20608847986464,66,150987.76127491862
2193,4,1,1976,1,11.698694551324273,49,41499.87456137061
2182,2,1,1944,2,9.83930941730521,81,63381.64139451411
619,5,1,1995,2,8.928138024320553,30,120998.60141937796
1330,3,3,1933,1,3.1955360933820716,92,98030.99825822539
4175,1,3,1944,3,9.78736196587364,81,251348.67322738143
1869,1,1,1960,1,1.7700458801122227,65,167298.06819393483
1240,1,2,1982,1,23.53843397751084,43,70074.77548409146
616,2,3,2001,3,12.247719921761345,24,83930.65749177322
3338,4,1,1915,3,13.595163053437393,110,260581.64333227777
1650,5,2,1965,3,26.86104030027888,60,50500.0716593517
2431,3,3,1939,3,19.91262202390601,86,118796.65187865432
1512,3,2,1916,1,0.7377435485925338,109,87364.75277908408
2164,2,2,2018,1,28.323657277357906,7,74607.9398670773
1581,1,2,1933,2,7.495761746342481,92,17102.181912914544
1012,2,2,2005,1,3.674618450415836,20,10393.653390727588
3349,4,3,1915,3,23.159781262236024,110,178830.7349322516
1059,4,3,2001,2,15.264080818068186,24,68484.06826826258
4172,5,3,1959,3,13.296231697531518,66,356101.7443564695
3843,5,1,1965,1,7.860340850640882,60,209941.86128631537
4570,4,3,1965,2,16.6504089509384,60,240974.31027261028
1970,4,2,1989,3,8.59434585347633,36,209433.95175970372
1080,4,3,1912,2,27.096698655968495,113,41319.53590448061
2794,2,2,1955,2,6.848532152129187,70,145378.53215426
3647,4,1,2010,1,26.588476938444728,15,128047.98179644364
4749,3,2,1930,3,17.00246005895703,95,411827.7100230827
2179,1,2,1933,2,24.940399949909608,92,66218.0882633581
4006,4,2,1938,2,21.52895687789817,87,236434.6082355253
3244,1,1,1966,3,21.05250578738408,59,73395.20662617298
3856,2,3,1907,2,10.068201327004143,118,159696.12669780385
4545,1,3,1986,2,7.399959478430002,39,366167.4159792244
1743,2,1,1977,2,6.72114371658325,48,167833.115818032
3618,3,2,2019,3,25.787153883257865,6,213419.64353689057
2641,2,3,1954,3,24.70259119764109,71,98363.68181722556
3559,2,1,1926,3,13.496919076363065,99,141257.454173082
3459,5,3,2017,3,4.4059360981454105,8,246926.65494275733
2765,4,1,1992,1,11.776441433335021,33,93578.20919306285
2979,4,2,2002,2,18.770631897038886,23,217330.31352193403
2135,3,3,1952,3,13.904893057158608,73,160476.8819681271
2257,3,1,1938,2,23.51558342024835,87,100607.19055636859
4952,4,3,1964,2,29.92987325641587,61,215465.4808326392
2570,5,3,1916,1,6.138396609242457,109,173366.75892893082
3349,4,3,2004,3,14.059699179957388,21,208168.71421142112
3751,5,3,1929,3,13.21402510666425,96,188542.5215414919
4230,3,1,1952,2,9.48252971609405,73,294905.5326588266
2989,1,2,1912,3,6.343817743248542,113,149993.91161229153
2131,3,1,1920,2,2.4379174364449474,105,137108.9646049922
3316,3,1,1918,2,26.670019858099103,107,139077.64111857774
1515,2,1,1952,1,12.885536581746369,73,52295.43456641209
1848,2,2,1918,1,15.158417795751442,107,65456.38381400339
3587,2,3,1956,1,27.549790421927018,69,82869.36988653359
3339,2,3,1924,2,23.40056908672046,101,86442.54131800936
835,5,3,1985,3,4.349787291456934,40,86309.90036920685
1395,4,2,1930,1,17.1798890444284,95,80983.25370774156
4046,1,3,1980,3,13.546442157326993,45,227705.20616912228
1351,3,2,1954,1,24.0177266410735,71,-14804.758111499905
2187,5,3,1922,1,21.864860154552503,103,126260.36161810283
2431,1,3,1931,2,20.86696879637662,94,114121.91665857543
4246,5,1,1961,1,10.546072646656958,64,188913.4824950609
2927,5,2,1973,1,24.24643004677801,52,136219.33262820228
2068,3,1,1909,2,2.045543220048406,116,131620.45409287862
4500,4,1,1999,3,5.208934592248934,26,238455.42851728204
3238,2,1,1971,1,10.400886552848396,54,177008.67858625235
3998,4,2,1953,2,2.7658195115437976,72,260653.7216735467
4413,3,2,1951,1,7.432331187273402,74,181393.02116312846
1566,3,3,1919,2,24.989453998438584,106,56321.474754589355
4880,3,1,1931,3,28.47342036480734,94,204862.1682383732
2944,1,3,2013,3,9.48576949533862,12,166442.6352070442
4607,4,1,1913,2,8.303216217670727,112,197076.16885367737
3873,4,2,1949,2,8.756833241269593,76,168958.50372963172
4469,5,2,1927,2,8.692713076849893,98,225921.9123132556
3046,5,2,2009,3,1.5599403744862033,16,249016.078354684
1253,5,1,2015,1,27.844032216767687,10,21891.795414980905
2582,3,2,1952,3,6.8040951763246875,73,87943.31955883157
3274,4,1,1923,2,12.890120185401447,102,114600.23821196432
3396,3,3,1978,2,0.7857630408585483,47,218078.10553682427
4685,1,1,1921,3,25.809675181994187,104,200662.90993563004
1275,5,3,1929,2,22.06914166142006,96,94280.82075458636
2125,3,1,1962,3,28.429303037624244,63,106273.14483087738
3569,3,3,1903,2,23.55765663629377,122,104826.08524117031
917,1,2,1976,1,9.754342105535924,49,49164.512637359396
614,2,3,1958,1,7.812264082488498,67,-72389.11719754217
1116,4,2,1986,2,21.082631072822142,39,84498.126690583
4474,2,2,1907,3,11.241326862809734,118,241520.90310661067
3767,5,3,1981,1,17.203342964702188,44,202158.71271284722
1325,3,1,1911,3,0.6845953952808718,114,96967.70440024645
2016,1,1,2018,2,2.3256281995740196,7,59576.90163277532
3646,1,1,1930,3,16.29335426485871,95,100866.58768543266
912,4,1,1977,1,17.19911357022087,48,73275.12121095117
1228,2,1,1933,3,22.667861861550637,92,37959.07834232681
3848,4,2,1981,3,4.392976928906871,44,236628.343661041
3308,3,1,2019,2,15.638900970824974,6,221051.4129577606
1175,4,2,1997,2,6.2362055107348136,28,122956.28930779111
3965,1,2,1974,2,3.2492855270994934,51,197791.09522259355
3004,1,2,2004,1,12.60962592478636,21,142729.75669547624
3467,5,3,1975,1,5.318431118627188,50,214623.82207854168
3286,5,3,1948,2,7.0425683566733985,77,160483.4973890534
1622,3,2,1978,2,9.867860106150301,47,170830.70997665415
4579,2,3,1956,1,8.151957821924288,69,216592.90486959758
2071,4,1,1994,1,3.083943273475419,31,102180.13446472817
2643,3,1,2012,1,3.1525292233612174,13,94724.9963042484
2187,5,2,2021,1,6.200857749407961,4,46949.0333723198
4632,4,1,1992,2,1.9914960448063992,33,319200.35527153016
4351,5,2,1925,1,18.98048208046935,100,240288.98811040254
3940,4,2,1917,2,8.976138137012608,108,265723.5148186976
4266,2,1,1995,3,8.752506049187595,30,229590.5160439281
2826,3,3,1985,3,10.293949680014073,40,179318.52459527802
3414,4,1,1937,1,20.05249008918679,88,106156.37406728258
4452,1,1,1980,3,26.18369950376297,45,155721.01999680095
1095,1,2,1986,3,22.893064510391333,39,92560.32400583537
1228,4,2,1987,3,21.962112291640302,38,75187.90068863118
1865,4,2,1949,1,14.789539975225054,76,109784.91987439498
4992,4,2,1907,1,20.967263930538646,118,185597.86661036388
1198,1,3,1940,3,16.8064898569907,85,118022.92574006325
895,1,3,1905,2,6.879390581502602,120,-56125.11571624478
4671,4,3,1968,3,6.653356848360996,57,239063.72071901476
4860,5,2,1943,1,9.243564202820862,82,283254.8336032653
3002,5,2,2020,1,27.36867879360949,5,243024.5011807183
2319,2,2,1963,1,16.648737791201913,62,83748.77663845573
1217,3,3,1928,3,22.150208621555148,97,8780.833848967377
3282,5,2,1927,2,10.723483414588154,98,232962.68501415272
4077,1,1,1910,1,12.527615234624145,115,159952.07639687252
643,5,1,2020,1,4.204184569798915,5,156548.13689031545
3640,2,2,1964,3,5.553201255739276,61,150322.84199556508
4991,2,1,2006,2,24.907018367371293,19,280912.3691984324
3438,3,1,1918,3,17.75273963482202,107,62718.90825712035
4136,5,3,1908,1,10.457207743572658,117,207519.76946153867
3722,1,2,1926,2,24.184110665368607,99,144686.8056450905
1667,1,2,1933,2,7.772337216320498,92,83333.6572609932
3116,4,3,1943,1,29.29296460870601,82,174950.72297300032
1562,1,1,1967,2,10.672119428512008,58,-29249.359135997205
2656,3,1,1999,2,10.450673147461213,26,160498.3545425682
3482,3,2,1981,3,9.701401213332804,44,272977.89799919893
3794,1,1,1914,1,4.102289719766494,111,159857.84219430535
1656,1,3,1950,1,3.778545846294366,75,41847.378472781784
1232,4,3,1912,1,19.61909851875664,113,91618.07418506271
4830,1,2,1982,1,26.315982314462385,43,158636.53954942807
1453,4,3,1948,1,23.820355053014367,77,16472.78423781297
3039,4,3,1969,2,4.662674023629857,56,167455.1902849351
3824,1,2,2011,3,16.59467259286596,14,194481.726573954
3801,2,3,1955,1,3.61495060631088,70,228358.1591997109
2042,2,3,1975,3,1.8361919865857845,50,103136.42130508868
1691,4,3,1950,3,19.863382851850634,75,49277.55760795089
3493,1,1,1936,2,16.286993843570336,89,91564.8746761781
3181,2,2,1916,1,2.91969871373839,109,108041.4714644528
1717,1,2,1957,2,1.530707768976659,68,109095.78802054151
2040,1,2,1986,1,29.697814195575372,39,61467.63723331792
3736,1,1,1989,2,1.3856292983976204,36,220836.80261813677
2886,5,1,1928,3,13.61358346497971,97,161225.844042451
4219,1,2,1932,1,15.38626122592702,93,251840.8020866495
1888,5,1,1959,3,3.959764360113129,66,165704.88690101838
2356,4,2,1990,3,5.48732246397163,35,223036.24500254745
1865,2,1,1988,2,10.878247689105399,37,76384.46944383517
999,2,3,2019,1,22.969438348303047,6,100241.99208816541
2180,2,3,1954,3,15.458931509777868,71,99005.5792810003
1010,2,2,1909,2,19.318105299312364,116,25118.100481492424
4812,2,1,1946,1,29.562649375174907,79,88843.70846535613
1824,2,1,1922,1,23.156160341739685,103,23543.225574187032
1655,2,3,1984,3,13.313664195165922,41,68539.99565603536
2327,4,3,1920,1,13.670036692998188,105,164641.6726452008
3641,1,1,2006,3,18.753776272709647,19,215082.4942818103
3986,3,1,1912,1,20.128273648357677,113,114083.80967697232
2310,5,1,2000,2,15.270972312181804,25,244665.8294946816
3423,3,1,1932,3,19.523406073041908,93,126785.86697120052
2714,3,1,1923,3,1.1942085852159137,102,75516.42921072592
4686,1,1,2007,1,13.173874484956901,18,181822.4780269953
1213,1,2,1910,1,8.728673244167565,115,-25243.07085039524
4102,1,1,1916,3,4.310646134671757,109,211648.16668529747
4634,2,3,1967,1,3.4366221278588664,58,205621.98228280077
4022,4,2,1946,2,18.29416888563269,79,169756.79255278967
4768,2,1,1924,1,15.946216141002045,101,200788.9601038324
1743,4,3,1993,2,7.980731451392891,32,159140.10038141147
4209,4,2,1972,2,14.393026733789178,53,230138.7291815435
1581,3,3,1920,2,15.020853297881045,105,82787.46605856023
955,3,1,1983,2,6.252764922939166,42,54466.70035579979
1394,4,1,1982,2,19.736745325508693,43,-16197.838759842605
1884,4,1,1982,1,23.53712101338967,43,47246.72592259875
2458,2,1,1911,2,23.84817445624081,114,72792.96584704185
3572,2,2,1936,1,18.272860005751923,89,132434.670552274
2496,3,2,1941,2,15.593338184310914,84,135594.4041035923
4785,1,3,1916,3,2.2997107186591492,109,233511.7163685483
1004,4,1,2000,2,8.991023316122373,25,135443.73404552933
1714,2,3,2017,3,3.251507679956012,8,39129.58358656526
2031,3,2,1947,2,28.932783245914973,78,62823.6759084228
3940,2,1,2002,2,4.484864313659941,23,294489.4244150841
1323,4,1,1927,2,4.977374590607511,98,152102.8020302506
1428,4,2,1940,3,26.742510240749517,85,37081.16081562768
633,5,2,1998,3,28.345884362555505,27,-23197.560869810724
2605,1,2,1946,2,23.09195665742984,79,149797.77214487843
4127,5,2,2011,1,0.6594452483437612,14,284778.40591469064
2352,3,2,1917,2,0.5397149932186291,108,134032.37805685008
4675,2,1,1977,3,11.653972708729798,48,195145.3498299241
3433,3,2,1998,2,4.7301634153213294,27,161465.13571112312
3784,4,1,2007,3,1.04239119347212,18,290265.98486580135
4798,5,1,2004,3,14.189967337432888,21,315323.6707256343
3311,5,2,1970,3,28.32032597350566,55,173166.2221694541
1750,5,2,2004,2,10.052677459621727,21,108639.67854144267
4012,3,1,1912,3,20.003650013646546,113,105839.10870360286
1756,4,2,1981,3,19.740942917407,44,34964.73848678435
3876,2,2,2000,2,7.906863058122449,25,199552.152021734
3986,2,2,1912,3,19.687544840303996,113,113444.68724163981
4084,3,3,1999,2,6.763852241463292,26,180442.95851105783
1896,5,1,1930,3,4.099218700518227,95,162569.59451609774
4137,1,3,1901,1,21.190806924010857,124,80324.38615371905
3830,3,2,1915,1,3.8465041045655437,110,244156.62175784004
3203,3,3,1908,3,29.90882194838598,117,136627.11966051522
970,4,2,1972,1,5.911845833931765,53,98981.52187912466
1853,2,3,1937,2,18.027184951315498,88,162833.89744905807
3283,3,2,1974,1,12.635549856671387,51,106453.2187267596
3331,3,3,1953,3,4.22839946096718,72,266553.40141953825
857,5,3,1955,3,1.3213952735336951,70,114003.68552832743
3519,5,3,1985,2,18.870602327638583,40,342891.70084856125
1167,1,1,1996,3,24.29934813177922,29,6912.234047701877
4968,4,3,1999,2,25.339462014448948,26,237266.19715037226
1645,1,1,2008,1,14.740047455769567,17,85806.64637555461
4685,5,2,1986,1,23.434936281880375,39,223999.7645439269
4219,2,3,1944,2,20.34899043791207,81,156479.8805712703
3245,5,2,2008,2,21.86550856122443,17,139639.63511953485
1039,4,2,1933,3,15.031670654043516,92,133765.21245723963
3279,5,3,1908,1,19.18564633714275,117,94719.97939357217
4636,4,1,1987,2,24.26301445049368,38,226165.33466754397
4275,4,3,1907,1,12.23758317893218,118,265846.4574445082
3008,4,2,1906,2,24.27637757559372,119,163295.6165453505
3279,4,2,1935,1,17.964496862277354,90,114973.88930409595
1424,4,3,1917,3,5.3940802189381944,108,105708.51931189728
3456,2,1,1902,1,1.228182638125246,123,132605.77703490562
2081,1,1,1927,1,11.201231211774985,98,-20304.631768618703
3824,3,2,1969,1,16.627541684742024,56,210193.24409677967
4985,1,2,2007,1,25.274700390002906,18,216351.08111173174
755,4,1,1943,1,4.260827564137262,82,120996.77133768215
2338,2,3,1920,3,24.106087256665585,105,45921.4833649321
2444,5,2,1927,2,25.958766858983196,98,149758.52735393518
509,2,1,2003,1,4.945280866524596,22,102575.86491463645
3371,4,2,1953,3,25.62203241947446,72,158037.48708197096
1297,2,3,1953,1,29.747880251362364,72,-93936.71929577054
1515,2,1,1964,1,21.941745515923007,61,-1203.61941998353
2324,4,2,1999,2,23.650705613837143,26,211541.43937369442
4969,2,3,1920,1,29.835250392986765,105,196297.03739563515
3636,3,2,2006,3,18.36169689051539,19,241884.89462204813
2693,3,3,1998,3,9.582648269479357,27,192943.72610981352
723,2,3,1912,2,25.207159605243643,113,-22143.624308887345
4658,5,1,1956,1,18.627330436593123,69,124150.7802552453
4425,4,3,1948,3,17.64526499976822,77,284551.16585346067
4500,3,2,2017,1,7.982248887664129,8,321037.31357312645
2133,5,3,1953,1,22.811860952695156,72,59671.30286858011
2652,2,3,1909,1,2.9091846378728397,116,131929.6900109661
1010,5,1,1952,2,27.766468588442507,73,13.530366957938895
884,1,3,1943,1,10.1117920927293,82,58872.28842112642
904,3,3,1946,3,4.2693522573047185,79,70673.7641526311
2500,2,2,1952,1,13.549812726521354,73,154417.60797958606
3256,4,1,1973,3,1.752862323067728,52,220107.62883702127
2168,2,1,1945,1,20.696472730816506,80,-76160.57097168441
1960,4,1,1912,3,27.129812558138006,113,67246.57608521814
4136,2,3,1936,3,25.199258710586008,89,231519.77324778118
3224,5,1,2001,1,4.257399466712492,24,153824.71858661558
4678,5,3,1923,1,4.2249985446780896,102,295661.35111469444
2548,5,3,1901,3,24.49631722856579,124,208409.03180201314
4646,1,2,1985,2,27.76550110079192,40,194606.8154565362
1216,4,2,1980,1,14.08975998008793,45,133112.1632762107
2323,5,2,1999,2,15.219647948956096,26,135383.3076413057
2581,1,2,1913,1,9.888730220878914,112,92485.59491450545
3919,4,2,1909,1,26.880820988564214,116,127076.4726379901
2074,2,3,1934,1,19.5246357061245,91,55270.071564248676
749,1,3,1924,1,9.00342152643737,101,17553.63316653408
1173,3,1,1902,2,9.314094696100423,123,-47326.37313451714
2665,1,3,2010,1,26.79040215537627,15,93834.78681470636
1270,1,3,2001,3,0.9022037052217333,24,200683.71165567404
4462,4,2,1916,3,10.020433895435833,109,190354.19547110083
4863,2,3,1911,2,16.853522095882887,114,167282.77013868582
2484,3,2,1953,1,4.872415131930077,72,146643.3731739475
1577,5,1,2015,3,3.216913248887899,10,164758.41742119854
735,5,1,1923,2,24.55065176717152,102,15971.280651184745
888,1,3,1928,1,26.884929465130963,97,-25441.717054624827
3537,4,1,1942,3,24.79638941354659,83,149554.0399822769
2348,4,3,1924,3,27.014242747251757,101,83313.03307679477
3314,5,1,1999,2,16.81680314622196,26,123459.7827963359
3874,3,2,2021,1,24.461614569215087,4,184745.5628768222
3778,2,2,1959,1,11.829257832537463,66,216642.0763245108
1752,3,2,1989,3,20.154901913631637,36,124888.02557672179
4481,2,2,2001,3,29.67064817598035,24,115825.94912509457
2622,5,3,1964,3,7.158967853254259,61,216719.36460569137
2650,2,1,1983,1,12.002042515586878,42,75855.39616038091
1829,4,3,2018,2,14.661397630647526,7,218574.00736912654
1858,1,2,1927,2,4.571456867091526,98,106499.11854514443
2982,1,3,1915,1,2.890639008719175,110,195242.2809803728
2517,5,1,1946,2,24.97682455648792,79,97477.93355127923
1831,4,3,1980,3,29.31543399841379,45,92800.94805988476
4844,3,1,2003,2,12.43938938297493,22,333674.07773373753
4761,4,3,1991,2,3.0856701677422715,34,365431.70932802395
1858,1,1,1957,2,2.441446940372006,68,102468.59179126138
3677,1,1,1975,3,26.79388708762881,50,123485.01743024366
2628,4,2,1926,1,14.182520366966559,99,33993.702622556826
2680,4,1,2017,3,9.940805838590562,8,201405.9592279353
637,1,2,1952,1,14.555607501562285,73,-4622.020970672588
3972,3,2,1941,1,9.889970793424245,84,224627.88997384108
3332,5,2,1958,1,14.92655537157479,67,221211.27596201497
4079,5,3,1946,2,25.856913709079137,79,263525.3136251249
3531,4,3,1993,2,17.972890446331824,32,228480.97420572472
4664,5,3,2004,1,20.992286297900172,21,212405.1178498892
3093,1,3,1933,1,11.25778494891293,92,32410.96760735454
4800,1,1,1936,2,22.285923416060303,89,132407.23673397952
4318,4,1,1905,3,20.165204003941483,120,247078.81296342897
4638,4,3,1906,1,4.027078933685665,119,346493.336663915
4323,4,1,1995,3,17.392964166909746,30,222076.069910812
4542,3,1,1995,2,8.07393314113786,30,179830.23786246887
2406,5,2,2016,1,24.22082225419099,9,100716.85448728505
1260,4,2,1924,3,13.065162399774714,101,130194.8039355694
3945,2,2,1932,3,29.84318287329637,93,111669.79270375553
1399,2,2,1954,3,3.228762919199432,71,134219.90862577743
4955,1,1,1957,2,23.520261950834676,68,196617.12921239773
3447,5,3,1906,2,20.374201139493614,119,202227.55953337185
2219,4,1,2015,3,23.141215502425812,10,212426.90344007447
780,2,1,1956,3,9.572128966968462,69,70272.68687581153
3766,5,1,1911,2,15.015607436780817,114,178598.991521554
2387,1,2,1915,3,23.997001331849397,110,158777.67429489776
3766,3,2,1979,3,7.359969282815222,46,250697.6972328074
1166,5,2,1942,2,7.167979305265236,83,55648.687217624254
4688,5,3,2016,3,16.756003122200504,9,339005.25512187276
1171,3,1,1999,3,15.945125596130746,26,95087.4003182563
2469,5,3,1976,3,8.82674287718152,49,182074.65425492544
4656,1,2,1906,2,9.293231690482271,119,179541.0023052395
3622,1,3,1999,3,8.696432314593682,26,212097.72869047354
4400,3,1,2010,2,23.259605828955387,15,181126.71463804602
1023,4,1,1950,2,19.73107553409259,75,16168.782462077641
2893,2,2,1972,1,25.056306910602455,53,60841.24915609956
3617,4,2,1931,1,29.276454335263644,94,145328.37140219985
3093,5,3,1974,3,14.487846740023599,51,226246.52547787016
2468,2,2,1907,2,2.467469501460741,118,144257.68035709125
2253,3,2,1996,1,1.9187231571550454,29,159275.36355670216
2796,3,1,1986,3,9.222118658512764,39,158750.4812232086
2761,2,2,1988,1,28.010065385897303,37,167620.09372498386
2786,1,2,2019,1,15.93478512164081,6,141865.9389769677
4702,2,1,1971,2,8.517702224363811,54,300735.23562968243
3378,5,1,1944,2,12.275420438075077,81,126752.9395274591
4643,1,3,1985,1,18.15855566843779,40,252133.2247047556
4144,3,2,1958,1,19.762014915066345,67,147678.8034218002
4932,2,1,1903,2,5.040625538595698,122,197670.5269695462
2555,4,3,2003,3,29.322434458082693,22,123187.40462937433
1776,4,3,1966,2,16.57078069599227,59,90857.70948183427
3266,5,2,1928,1,4.502805374872239,97,167811.35105129075
802,4,2,2004,3,26.862239973710945,21,109877.0345733954
1138,2,3,1928,1,2.70183371684315,97,77565.05750535254
555,2,1,1997,3,27.278195278736625,28,8168.183624270576
1025,4,3,1997,1,29.898686860524982,28,19695.941240852575
4623,2,2,1927,3,21.162738075116863,98,241508.75096055484
2625,5,1,1976,3,23.2281930216827,49,149818.2348468979
3787,1,1,1978,1,10.450433675790848,47,154052.26675514056
864,5,3,1986,3,28.276517155651046,39,-15343.746098285294
2146,5,2,1943,2,16.126562000196845,82,128735.136919503
1418,2,3,1989,1,22.105459174627867,36,90367.59860288932
3297,1,3,1903,2,27.761177619382746,122,46624.07522568445
2031,2,3,1989,1,29.267809291277494,36,55976.8411912094
3845,3,1,2003,3,25.079528519601894,22,207869.43951424214
2406,2,1,1908,3,9.439016455969885,117,19936.54777600197
3586,2,2,2018,3,29.01315173828643,7,136317.93561464624
2575,2,2,1904,1,19.02952617168537,121,90006.86856626396
1213,1,3,1955,2,27.953953052382815,70,72039.06278543206
1562,2,3,1995,2,20.44509826152338,30,196053.69582898822
2476,1,3,1983,1,9.563549374507755,42,237042.09029483126
1796,4,2,1949,1,11.415723462213071,76,104741.30372916126
625,3,1,1974,2,16.738917424536744,51,-3678.0963477078512
4096,1,1,1914,2,23.80543782601652,111,169039.79991049474
3783,4,3,1931,2,9.88048526453988,94,190328.8980201975
2103,1,3,1927,2,17.602069400958666,98,40239.02754984142
566,1,3,1921,1,10.695937310503846,104,-6051.11454976656
732,3,3,2004,1,24.565197436735662,21,15870.742680937663
2656,5,2,1916,3,14.268478766154537,109,166126.09485483018
1669,5,1,1958,2,2.7633233921601144,67,96539.94871680159
2658,1,3,1989,3,5.398549383705323,36,187960.45471377476
4706,2,2,2007,1,2.3025876947791524,18,359139.90948592854
1993,4,3,1970,1,15.229436907422594,55,127568.72498143461
4507,2,3,2005,3,3.6369502717727014,20,375276.2635907708
2972,2,1,1956,2,3.867129094634147,69,217601.442769395
3160,1,3,1925,2,28.260923671132122,100,127819.24082163526
3239,1,1,1924,2,26.243324629193634,101,60012.38661549309
2261,1,1,1909,2,13.836554605935296,116,110565.73504964932
4014,1,1,1944,3,29.58125696508107,81,113957.4831728531
2475,5,2,1982,3,0.5055025810345619,43,210633.00950554825
2862,1,2,1910,1,18.612393960065116,115,96272.75182808435
1376,5,1,1976,2,18.684631232470167,49,72977.73268291542
4312,5,3,1952,2,13.994570148161703,73,216102.90363498806
3948,1,1,1971,2,12.209965201561639,54,102415.15864617162
1812,3,3,2003,3,13.933802496677924,22,190755.23902624016
1960,4,1,1967,2,12.741332864350573,58,134293.10774726633
3209,2,3,2010,3,22.049528085727832,15,95770.86611799942
2824,5,2,1994,2,4.49298533171188,31,174881.67652802152
2233,4,3,1927,2,6.330357007438339,98,157612.20044135422
2105,3,1,1974,1,5.825287737576496,51,139402.7544652989
3063,2,2,2006,2,8.242882261077304,19,112998.67026841352
3921,2,3,1964,2,15.995123354056707,61,198102.6966107088
4017,5,3,1948,1,3.7806580464774524,77,282990.75562326587
2897,1,3,1946,3,26.11099421213187,79,94441.42726864037
4235,3,3,1951,3,9.272165173599934,74,264724.9869009199
3370,5,3,2001,2,5.294870630326882,24,231237.7940067955
1660,3,2,1987,3,20.430828633148177,38,138167.33168553156
742,1,2,1953,2,1.6235458676799186,72,16265.076703646679
3090,1,2,1959,1,18.789072663787845,66,58028.87005391747
1563,5,2,1956,1,21.096853704956743,69,71805.7820882073
4824,1,1,1946,2,6.840037675908215,79,154503.58835785056
3095,4,2,1930,1,1.7379401665872114,95,76780.62009709884
1419,2,3,2004,1,11.227538088123763,21,155954.1506383294
505,5,3,1945,2,3.4085297921371263,80,40813.18654554769
967,3,2,2013,2,3.9360965653634437,12,43859.131174719034
4670,4,3,1925,1,8.000706327623504,100,213909.9421696491
503,5,2,2012,3,9.216303776489399,13,58168.557099992046
1145,1,3,2013,3,16.134125060131908,12,80742.05176142708
617,1,1,1904,2,20.512560622338885,121,-100862.01855131499
3428,1,1,1983,2,17.986742755670452,42,166349.0788457964
3051,1,2,1951,3,4.876629950040746,74,203231.81670776353
4789,3,2,2004,1,5.57653795735248,21,218470.81359716578
1346,4,2,1974,3,26.423692868890978,51,31624.090245907682
3262,2,3,2019,3,16.97139329439135,6,178032.95811489667
1641,3,2,1953,3,26.163166070481825,72,49310.133720237434
2310,3,1,1932,3,11.460622083936293,93,163752.30959737522
1223,2,3,1949,2,18.624800219224053,76,109291.27009245826
724,2,2,1937,2,15.948070773611017,88,139299.15698745628
4708,1,3,1926,1,9.914142949703646,99,107688.87469318014
2548,3,3,1997,1,14.362503474991062,28,109097.70341744537
4915,5,2,1914,1,15.323480866394496,111,324980.0164545657
2073,2,3,1995,1,6.422743755322019,30,54346.75284519221
2328,2,1,1960,3,9.792805985113581,65,209084.83525319456
2417,4,1,2021,2,23.84658763995578,4,129677.80073729489
4734,5,3,1920,2,27.51575306389675,105,225859.37945943698
2526,5,2,1945,1,11.113925759586333,80,78968.32341526748
4244,2,3,1968,1,9.555682325166035,57,207474.79202428705
1401,1,1,1905,3,6.2583163548705345,120,133643.8689208837
2539,4,3,1937,3,20.515489475192147,88,134019.3748123622
509,5,3,1961,1,10.03144119915695,64,46130.72499201889
760,2,1,1985,2,29.63861140342606,40,4370.125608683607
2173,5,3,1961,2,10.10770166088662,64,151716.01500220728
2719,4,3,1981,2,12.127013380087531,44,199826.51735005944
2560,4,2,1977,1,18.298358788255026,48,86617.85702723886
4213,3,2,1973,2,24.149686649143497,52,188343.30762216423
2119,2,1,1945,3,14.350800627696193,80,55843.784844875496
820,4,1,1912,3,12.968352996774271,113,-59603.39102505669
1842,3,1,1994,1,29.871316091046843,31,66083.94108924373
2876,3,2,1993,3,0.809562413628361,32,153682.67068133716
3332,5,1,1902,1,26.904426021111753,123,91149.67543145963
3324,5,1,1993,2,4.899654365222254,32,266804.4491957288
2494,3,1,1905,2,23.684795648162947,120,-16245.059771510336
3458,5,2,1992,2,18.72898101546579,33,230447.2618010827
2538,4,3,1907,3,10.584494922193716,118,136155.8423849857
3990,1,1,1943,1,26.279311187870043,82,66335.89639003668
4177,4,3,2008,2,0.8807632254392632,17,403853.87476798566
1618,3,1,2006,1,7.187374236210248,19,104810.06250362749
2104,3,3,2007,2,17.223337489361313,18,111125.343053079
4527,4,2,1932,3,10.87049667146609,93,208227.86386728165
735,5,2,1980,3,18.506136111890665,45,112789.71508616282
2469,5,1,2011,1,1.2112507055556714,14,157213.4365601624
4929,3,3,1974,3,3.935538449210519,51,351969.2895794197
2408,2,2,1976,3,4.249339086443958,49,163027.9911845101
875,5,1,1949,1,6.0838675545222785,76,118307.80055812559
4030,4,1,1910,2,14.050277503616012,115,124722.19511500777
3135,5,2,1994,3,22.68779663653535,31,138033.44813559373
2070,4,2,1927,1,27.213395718902582,98,38809.547141788826
3060,3,1,2007,3,25.14348964338526,18,133666.2061936054
3891,5,3,1969,3,6.308192217382665,56,254897.57191300148
3465,4,3,1940,3,13.513941290803656,85,336780.1963989149
4143,3,3,1915,3,6.382642133876783,110,341164.42381596507
4350,2,1,1967,1,8.301918591682128,58,223546.99796600576
1372,4,2,1998,1,15.354635954600642,27,109884.69583872095
1752,2,1,1947,1,2.509216229343915,78,74250.74230798922
1814,2,2,1955,3,6.936142723001559,70,62400.29515508878
3398,1,3,1963,3,28.093655758559958,62,130515.42069655753
577,5,3,1958,3,14.250430633425424,67,116154.59567282643
3121,4,2,1989,1,13.63890251634723,36,242414.63052935875
4727,2,2,1961,3,0.9297310651627275,64,331346.2278306471
1100,1,1,2020,2,7.7982925382212,5,-1383.5922723741678
1565,3,3,1975,3,26.055626861474348,50,65621.73550789131
2636,4,1,1910,2,5.356538633630728,115,59787.005855808195
2949,2,1,2000,3,12.746185716274272,25,220153.6207213131
2843,5,1,1988,1,0.922761723076537,37,175262.49509075377
2363,1,3,1917,3,14.610896709281397,108,102961.80409060416
1818,2,1,1918,2,1.120122648423406,107,113042.14545497987
4097,5,1,1986,2,24.678481815441096,39,334621.55054427165
4262,2,1,1954,3,24.833186140869557,71,181514.18856686767
2690,4,1,2001,2,23.73839455491991,24,114371.26444492767
1492,4,1,2017,2,8.859240032287987,8,56970.173842954035
3212,4,1,1981,1,25.19849793754363,44,200936.47861252437
2692,1,3,1925,3,16.518444911855443,100,110962.84204957991
1748,4,1,1905,3,11.527339211576573,120,160675.10561165528
3554,5,2,1903,3,18.947233811274874,122,225138.95421361155
4533,2,1,2007,2,0.8640608587810332,18,246910.01229323336
2497,3,1,2014,3,4.717345889222188,11,110584.15328953823
4187,5,3,1928,3,22.39765937602275,97,232285.47773211208
2651,5,3,1958,1,7.702767457126513,67,150196.52119004037
4518,4,2,1997,1,18.141268961198115,28,239443.48523922096
3610,1,2,1916,1,11.860526783279376,109,192870.89999287875
2470,2,3,2006,2,25.71677047457821,19,39170.582795023685
697,1,3,1942,3,28.596251526900986,83,5791.937622707741
3126,2,1,2016,1,26.565159486920617,9,155084.33108352497
1702,2,3,1979,1,8.483289843461101,46,152055.65855741984
2535,1,2,1965,1,6.227804636859426,60,59889.47753005057
977,5,1,1933,3,14.495829361811682,92,75329.33540326315
1754,2,2,2018,3,0.7163574496673182,7,222227.75674633268
1422,1,1,1907,3,1.2613770894638612,118,80477.5586516122
919,2,3,1912,2,16.8220738688785,113,18199.06808793766
2704,3,2,2005,2,15.853257422875936,20,214620.8747600444
3097,5,1,1907,1,29.84016867654017,118,46613.553448438
1620,4,1,1993,3,6.454334143230864,32,54145.352160143884
3568,2,3,1995,1,8.114065910233819,30,204027.91152275197
1450,3,3,1999,3,3.8494489486254575,26,179703.91273932357
2836,4,3,2010,3,27.56751878478547,15,218544.28171746526
2743,4,2,1993,3,23.445431711524297,32,177338.8335738237
3145,2,1,1964,2,24.759003787977,61,149264.0420723119
2357,1,3,1942,2,27.13153174495301,83,122220.97627033896
2365,2,2,1938,3,15.984549608412228,87,89827.50085985778
3412,3,2,1980,1,13.810199147796348,45,169272.43746123146
3353,4,2,1958,3,10.246548473135686,67,267768.74423808674
3728,2,3,1983,3,17.881831123261737,42,146246.65541868043
4219,1,3,1987,1,13.901212705299764,38,236703.00496021548
3728,2,1,2013,3,13.821184804864465,12,168101.00413955556
2871,5,1,1985,1,28.139371980068596,40,169144.9642213427
3391,1,3,1992,2,29.52892967123434,33,138566.43695754002
4256,3,2,1985,2,23.996289485222633,40,201190.8283132383
4725,4,2,1943,1,22.824363662284384,82,293220.9033829812
594,2,2,1908,2,20.57646577248349,117,-74331.53628988279
3174,1,1,1936,2,5.3992081438386545,89,153793.3492294142
2455,5,2,1973,1,2.2436217158318086,52,171012.8282976135
1293,1,1,1935,2,20.876426295841263,90,28641.28691462777
2334,5,1,2000,3,21.99919355656899,25,229668.95866474035
2616,3,2,1991,3,1.885703237395124,34,167880.81479155552
4606,4,2,1927,1,27.87752663175102,98,117797.53448704469
3825,3,3,1941,2,3.1886488636179875,84,194217.6821250457
3419,2,3,1942,3,8.93406574625047,83,186006.89865020267
3097,1,2,1984,3,20.335499477561783,41,146555.043252481
3705,5,1,1987,2,5.511241534932052,38,240442.71518453295
1314,5,1,1941,2,2.134768709046211,84,192428.74143163304
845,1,1,2003,3,10.268821430342419,22,136685.48794171482
2849,1,1,1965,3,23.096161458227783,60,163308.84007866468
862,2,1,1954,1,12.70352103006518,71,140211.36874067155
2943,3,3,1971,1,19.76270119628421,54,187066.81924427894
2765,5,2,1947,3,17.59876336823003,78,211871.4640709419
2688,2,3,1990,1,1.155445219754622,35,228672.19043542445
3505,3,1,1921,3,29.661929617848347,104,141309.47683614428
3781,2,1,2000,3,1.7221286201719388,25,256103.44034862626
1484,5,1,1926,1,29.050180760630308,99,-7293.394527656954
2139,1,1,2020,1,16.720993261749747,5,26948.10782285752
1327,1,2,1992,2,28.913191298419463,33,16577.727656635947
3230,3,1,1966,2,3.8852311827081456,59,213632.99143547873
4031,4,2,2007,2,14.96705131597264,18,241261.94110078158
4951,3,1,1912,3,5.500370710048729,113,196282.103163891
3435,4,2,1944,1,2.0037588721620514,81,196944.57088434492
4376,2,3,1909,3,18.717108894338192,116,188748.53288782854
626,2,1,1999,1,6.629610918369898,26,40293.4351464513
3677,5,2,1908,3,17.837062039482607,117,206384.58132788516
3556,4,3,1953,2,3.814752217495076,72,270668.6451930299
1103,5,1,2019,2,10.293600907264732,6,81266.62472947818
3949,1,1,2018,2,23.55816046257079,7,217331.57801291335
4646,4,1,1926,3,13.393019894344535,99,284202.846300382
4033,3,2,1933,1,19.018489739471423,92,184609.627434013
3867,1,2,2014,1,19.600009251993605,11,212287.4858416726
3868,1,3,1900,2,25.39077379762516,125,178939.25073022195
4297,3,2,1931,2,10.085222434995918,94,162712.10021603867
2292,1,2,1988,2,20.77521909618427,37,146510.909460537
3361,4,1,1992,2,28.86766630786189,33,100443.95744651667
3976,5,1,1970,1,22.042178363557106,55,145538.38307790973
3917,1,1,2012,3,14.951179063173464,13,209310.92120121766
2145,4,1,1966,3,19.10616461251191,59,-1770.5001212692005
1705,2,1,1983,3,22.32064548401169,42,71069.07895925295
3530,4,1,1919,3,18.562135087969235,106,201902.6420838824
3372,5,1,2016,2,0.991936497950255,9,163827.9981838484
3572,4,3,1993,2,6.245818181773163,32,303313.01168200304
2354,3,3,1934,2,24.40881240785625,91,59034.18185005851
4521,5,3,1998,3,8.543194095718297,27,322263.5067374851
3208,2,3,2012,2,22.08108252705345,13,144978.02706856656
4002,3,1,2002,2,11.477546349630112,23,247813.28515756197
1832,4,3,1990,1,15.895587680659323,35,172660.6147662102
701,5,1,1989,1,2.505212344672409,36,116884.88118510765
4007,2,3,1977,2,5.846154050966431,48,243612.48037241568
4712,3,2,1916,1,28.73731042381742,109,141095.3018988765
1074,2,3,1917,1,26.759072576683963,108,-9042.319198607536
1036,4,3,1944,2,19.74211577152198,81,89872.22593341614
2125,2,1,2015,2,14.059515622879253,10,148584.77309000818
2622,1,3,1992,2,20.4349581404091,33,155836.4546875788
885,3,2,1983,2,18.7490035282712,42,-17125.887662665824
3781,2,1,1952,3,17.272291540336056,73,164582.00245722133
974,4,1,1990,3,2.2457236199744837,35,77791.38093021896
917,4,3,1981,2,19.167677014514453,44,104593.41995174802
4100,2,1,1967,1,23.18314131484947,58,113201.98838652176
1454,4,1,1964,2,29.82540881204448,61,50326.4614680778
1705,5,1,2013,2,0.8268173015321354,12,147660.1600546771
4620,5,1,1900,1,22.04011687266496,125,83424.84021871806
2490,5,1,1957,3,17.367784820111424,68,179944.6098340656
4072,1,1,1925,2,13.304539194388223,100,157422.02132363745
4880,2,2,2008,2,4.26332014985544,17,356508.9043387183
4658,1,3,1919,3,12.568011884728849,106,143930.51041193158
3213,4,2,2015,3,10.95412689809099,10,208211.55375985222
2703,1,1,1986,1,9.433481724872895,39,111529.33377738808
3620,4,1,1909,3,22.060948888005125,116,155327.4678979002
1466,4,3,1958,3,21.171402877885782,67,25026.4261584927
3932,3,2,1974,3,17.876092683936893,51,234673.61478687826
1188,5,3,1940,1,28.19061199215448,85,132911.28433758824
4743,4,2,2004,3,10.820704333335206,21,317914.754323271
4201,3,1,1904,3,7.692157162450297,121,206117.14860382472
841,5,3,2021,1,19.849147736402788,4,16629.68643952295
2224,4,3,1964,3,6.365014797653387,61,137892.6499291886
4922,4,1,1916,3,9.792809961911026,109,244429.32507312828
2292,1,3,1921,1,7.125771982209103,104,79733.86051123124
2259,1,2,1997,2,2.5400302476957863,28,202642.7305704619
3712,5,2,2019,1,24.911212878252364,6,224551.5214136748
1489,4,2,2008,3,8.008946016189004,17,276542.0913337815
2762,2,2,1940,3,14.454311348619111,85,83194.14413292808
2982,1,1,1992,3,1.7778005610022025,33,183922.32888658004
1451,5,3,1967,1,21.130514254452972,58,15983.838609926534
1222,4,2,1968,3,10.251549568035578,57,-9276.687433622952
3889,4,1,1910,3,22.469733470961692,115,190676.84855977254
2579,2,3,1955,1,12.665890283802051,70,155783.09829696166
3217,5,3,1950,2,6.2747903889659264,75,176796.10710081275
2832,4,1,1920,2,15.63866492732006,105,121835.486197711
3876,1,1,1998,3,4.349884509304474,27,190786.96652580937
2000,2,2,1975,1,13.495905216253345,50,69801.91160907617
785,5,3,1925,3,9.860511583904353,100,68654.23460997324
3995,2,3,2014,1,27.40280773388918,11,142213.31792811854
2565,1,1,1918,1,2.2973972907612383,107,67025.31263671844
1268,5,3,2008,2,20.97351371611939,17,72557.68665442913
3557,2,2,1959,2,5.891159396629359,66,218320.46414777846
4789,3,3,1970,1,9.911829692801074,55,128503.50212235606
2661,1,1,1946,3,12.757664860330946,79,98895.54234476702
3793,1,1,2018,2,27.28644513656174,7,94906.57076343113
1446,1,2,1970,3,7.6560588491778425,55,39254.18914120244
3835,3,2,1925,2,3.1936096750677714,100,185886.50227061045
4650,3,3,1939,2,9.901343317720446,86,254078.98454818077
1981,4,3,1904,3,3.587941130798234,121,132065.58352227064
2401,2,1,1920,2,4.293596335836299,105,56466.18550258089
3951,4,2,1977,2,17.428592640263286,48,247349.048001489
4564,2,2,1903,3,2.296607026435053,122,195179.9795776703
554,3,2,1922,2,1.4124610011101981,103,15227.304200363513
2323,3,3,2005,2,21.575215993379686,20,150648.9413145868
3962,4,2,1983,2,11.168589297810813,42,249612.66032120466
3579,5,1,1914,3,4.198572802399262,111,175269.29853615328
1332,4,1,2013,1,7.981576740361393,12,-45152.831726042
4908,2,3,2015,3,19.441551966895773,10,232800.79976992027
3306,4,3,2008,1,8.62832873065511,17,234009.4231200475
2990,1,2,1992,2,15.088373191052034,33,182165.2831113454
827,2,3,1907,1,4.0900115484368325,118,41115.132478267165
3810,2,1,1940,3,17.848762309360687,85,135504.41071813717
3800,5,2,2011,3,9.82429167337629,14,378187.6752648373
4175,3,1,1918,2,18.99556881859714,107,144638.98746894085
3554,2,2,2011,1,24.347649027968675,14,188268.68725564925
2643,3,3,2002,2,18.543569372004775,23,93266.68711264088
1811,4,2,1945,2,9.224553096553109,80,58367.948249892324
3691,1,2,1927,3,8.044439195674862,98,213782.96298608664
3038,5,1,2009,1,10.158918282636716,16,240651.3089413584
4483,3,1,2020,1,5.356305140476893,5,241095.24006889912
664,2,2,1990,1,5.844569600075593,35,-34265.493381752814
4777,3,3,1967,1,23.825387506054952,58,214995.9705117739
1322,2,3,2021,2,11.849611006969626,4,123021.4620180692
1443,3,1,1914,2,13.361857826832281,111,46505.328465944374
4925,2,3,1998,3,18.024459234220927,27,245507.13904928695
1274,4,1,1936,2,17.894778106970655,89,32871.45971604112
2698,2,3,1900,2,2.487617709896809,125,112448.30465610427
3656,2,2,1966,3,25.030453196961133,59,102616.7292222736
4742,1,1,2010,3,5.731133320106213,15,305190.02607202163
4195,2,1,1923,3,21.83061326346523,102,163148.07587973983
3952,1,2,1926,2,23.293794149780915,99,130684.43961954076
1414,5,1,1939,2,21.589536255693755,86,22574.00409431067
1808,1,3,1962,3,17.579840573347283,63,82151.80045320417
4677,4,3,1960,3,0.9309654147120443,65,321572.9251952137
1013,1,1,1935,3,11.131077024713536,90,113690.84771657473
2420,5,3,1997,2,18.342763166196143,28,199698.5529927688
4094,4,1,1992,2,11.929813229714892,33,194095.10421340103
1909,3,2,1923,1,25.972656899927987,102,3743.842164931484
3690,3,1,1923,2,9.609667122813653,102,129086.94361532928
4991,1,2,2005,2,9.159276377530484,20,262046.1443047598
2055,1,3,1903,2,8.346931946233411,122,51086.63164925554
1304,5,2,1966,3,10.317035634343467,59,138490.08034645088
1779,5,3,1933,2,16.94344644726852,92,-25056.152131708208
4077,2,1,1956,3,21.356951181041428,69,197037.56192061293
3401,5,3,1948,1,20.04575357329416,77,190181.61367038905
1887,2,1,1986,1,24.32767568945365,39,110004.09708902103
3261,4,1,1952,3,26.634462867174033,73,175486.08912617556
3179,1,2,2019,3,24.574331749128863,6,118042.11548991076
2606,4,2,2015,3,1.0588893995434598,10,260338.23584829498
4723,5,2,1922,2,22.20957962978367,103,209617.88724993393
3268,4,2,2008,1,6.647787421740783,17,118241.29986256413
